{"cameraMode":{"drawMode":0,"name":"Shaded","section":"Shading Mode"},"sceneLighting":false,"audioPlay":false,"sceneViewState":{"showFog":false,"showMaterialUpdate":false,"showSkybox":false,"showFlares":false,"showImageEffects":false,"showParticleSystems":false,"showVisualEffectGraphs":true,"m_FxEnabled":true},"in2DMode":false,"pivot":{"x":-0.0006633996963500977,"y":0.502291202545166,"z":-0.0062577128410339359},"rotation":{"x":-0.0032295119017362596,"y":-0.9871871471405029,"z":0.15829907357692719,"w":-0.0201492328196764},"size":0.8759878277778626,"orthographic":true}