{"cameraMode":{"drawMode":0,"name":"Shaded","section":"Shading Mode"},"sceneLighting":false,"audioPlay":false,"sceneViewState":{"showFog":false,"showMaterialUpdate":false,"showSkybox":false,"showFlares":false,"showImageEffects":false,"showParticleSystems":false,"showVisualEffectGraphs":true,"m_FxEnabled":true},"in2DMode":false,"pivot":{"x":1.4901161193847657e-8,"y":0.36154329776763918,"z":0.019257131963968278},"rotation":{"x":-0.0012594369472935796,"y":0.9986706376075745,"z":0.029969094321131707,"w":0.041968658566474918},"size":0.41438013315200808,"orthographic":false}