{"cameraMode":{"drawMode":0,"name":"Shaded","section":"Shading Mode"},"sceneLighting":false,"audioPlay":false,"sceneViewState":{"showFog":false,"showMaterialUpdate":false,"showSkybox":false,"showFlares":false,"showImageEffects":false,"showParticleSystems":false,"showVisualEffectGraphs":true,"m_FxEnabled":true},"in2DMode":false,"pivot":{"x":0.0003854334354400635,"y":0.47474628686904909,"z":-0.18968543410301209},"rotation":{"x":-0.03433951735496521,"y":0.9144889712333679,"z":-0.3952946364879608,"w":-0.0794791504740715},"size":0.7990173101425171,"orthographic":true}