{"cameraMode":{"drawMode":0,"name":"Shaded","section":"Shading Mode"},"sceneLighting":true,"audioPlay":false,"sceneViewState":{"showFog":true,"showMaterialUpdate":false,"showSkybox":true,"showFlares":true,"showImageEffects":true,"showParticleSystems":true,"showVisualEffectGraphs":true,"m_FxEnabled":true},"in2DMode":false,"pivot":{"x":0.4864174723625183,"y":1.8078235387802125,"z":1.5784558057785035},"rotation":{"x":-0.14015284180641175,"y":-0.8555391430854797,"z":0.30313974618911745,"w":-0.39571863412857058},"size":2.7672226428985597,"orthographic":true}